GEOID,SHEEP_POP2017,SheepRatio,TotalPopulationSheep
25001,113,0.008396493,13458
25003,1047,0.077797593,13458
25005,1011,0.075122604,13458
25009,887,0.065908753,13458
25011,1567,0.11643632,13458
25013,776,0.057660871,13458
25015,1680,0.124832813,13458
25017,1349,0.100237777,13458
25021,309,0.022960321,13458
25023,921,0.068435132,13458
25025,0,0,13458
25027,3296,0.244910091,13458
25007,502,0.037301233,13458
25019,0,0,13458